time_s,y_mm,vy_mps,psi_deg,ir_error,omega_cmd,gyro_z,vy_est_mps,turn_pwm
0.0,-40.0,0.0,0.0,3.421461183565004,0.2,0.0,-0.30793150652085033,0.0
0.01,-40.0,0.0,0.0,3.421461183565004,0.2,0.0,-0.30793150652085033,5.6
0.02,-39.999738907262845,7.06843510456256e-05,0.009484296803775834,3.4214223218701494,0.4,0.029600761725143115,-0.2554415819222892,5.471421021738632
0.03,-39.99795798604664,0.00028619716075310156,0.034708164817471965,3.4214223218701494,0.4,0.05539257030875924,-0.2554415819222892,10.894451000513804
0.04,-39.99305550013454,0.0006977668034449044,0.08302059392042556,3.4210761922031514,0.6000000000000001,0.10712307078936635,-0.22103714192015328,10.587190531206836
0.05,-39.98262039337538,0.0013613965326936463,0.1586997918957808,3.4210761922031514,0.6000000000000001,0.15176064478560053,-0.22103714192015328,15.846790001023301
0.06,-39.9640687769218,0.0023122561809017107,0.2673502362824905,3.420252071882178,0.7,0.21948072357446094,-0.20179562649569283,15.396104281488856
0.07,-39.93415599957634,0.0035924611628700906,0.4117442877578904,3.420252071882178,0.7,0.2776593811273208,-0.20179562649569283,17.732219379792785
0.08,-39.88972277077294,0.005189958595666559,0.5914581002746205,3.4190754510632413,0.7,0.34203591989324955,-0.19300683407072106,17.240485676156062
0.09,-39.82755673626304,0.007099678954665645,0.8050435467131833,3.4190754510632413,0.7,0.39700753296496993,-0.19300683407072106,16.775637667332205
0.1,-39.744794937228036,0.009275370130011961,1.0474761040922076,2.907608503494494,0.7,0.44371059468825147,-0.14204992481183687,16.361751427998446
0.11,-39.639004489861186,0.011676684889340424,1.3143846279710951,2.907608503494494,0.7,0.48328860784190014,-0.14204992481183687,16.002971826873747
0.12,-39.508124265712816,0.01426896531420112,1.6020214393062155,2.8840460803718413,0.7,0.5167860966700043,-0.14292520733544734,15.695897938356328
0.13,-39.35041107923435,0.017022659731442433,1.9071961868355762,2.8840460803718413,0.7,0.5451191846570649,-0.14292520733544734,15.434713419537514
0.14,-39.16439227707673,0.019912659450107277,2.2272025373062214,2.865016912756107,0.7,0.5690764011375716,-0.1426017892293566,15.213248580503297
0.15,-38.94882484008305,0.022917665735841117,2.5597487929056397,2.865016912756107,0.7,0.5893303024281689,-0.1426017892293566,15.025754364901902
0.16,-38.70266045804198,0.02601962399693045,2.9028960843071654,2.8516766086439453,0.7,0.6064519555539429,-0.14171243730814928,14.867143726278435
0.17,-38.42501585171163,0.029203232455395228,3.255004780480261,2.8516766086439453,0.7,0.6209251666776996,-0.14171243730814928,14.73301976567475
0.18,-38.11514761479958,0.03245552126196493,3.6146886164924843,2.8399025030860634,0.7,0.6331593540734379,-0.1402940653163759,14.61962457800065
0.19,-37.77243091286512,0.035765494317395355,3.980775674307276,2.8399025030860634,0.7,0.6435007898171836,-0.1402940653163759,14.52376408623056
0.2,-37.39634145832435,0.039123825431839794,4.352275296509449,2.295613204617236,0.7,0.6522422557247379,-0.09060823531027869,14.442730903117038
0.21,-36.98644026200887,0.04252260097868229,4.728350074761556,2.295613204617236,0.7,0.6596312707511615,-0.09060823531027869,14.37423333262037
0.22,-36.54236073536918,0.045955102090142495,5.108292153285516,2.2304197550257223,0.7,0.6658770733264,-0.0925577526108596,14.316332887237182
0.23,-36.063797781730834,0.049415620383334115,5.491503190596609,2.2304197550257223,0.7,0.6711565352652445,-0.0925577526108596,14.267390420719044
0.24,-35.55049857023285,0.052899302079867,5.877477418108478,1.707915696995106,0.5977704939482871,0.6756191657420502,-0.05269339518915972,14.226020146943874
0.25,-35.00225473311359,0.05640201615372828,6.265787318432628,1.707915696995106,0.5977704939482871,0.6793913432108651,-0.05269339518915972,11.328624412567486
0.26,-34.4190283560523,0.05988435320533167,6.651223644006968,1.1792919639803208,0.41275218739311226,0.6674495372358392,-0.017732494444858582,11.364788105752979
0.27,-33.80131982276201,0.06330578080165074,7.030283565160779,1.1792919639803208,0.41275218739311226,0.6569613391054163,-0.017732494444858582,6.249747526209327
0.28,-33.149936627236585,0.06660893573800875,7.3950264951282385,1.106486520863097,0.38727028230208393,0.620544583058241,-0.02428589569529699,6.438907438745659
0.29,-32.4665268623413,0.06973318396472955,7.740458052847508,1.106486520863097,0.38727028230208393,0.5889775684164297,-0.02428589569529699,5.954812316315569
0.3,-31.75277606948789,0.07269417820684079,8.068052421476427,0.5716347969000193,0.20007217891500673,0.5581888697039702,0.017883422160704626,6.19471244722147
0.31,-31.010260511073465,0.0755050550114214,8.37945535574407,0.5716347969000193,0.20007217891500673,0.5319231362238447,0.017883422160704626,1.1772646260359112
0.32,-30.24059850768131,0.0781225965221047,8.668201146824506,0.05650861180895069,0.019778014133132737,0.48191265934057176,0.05430421875697734,1.4961215424237997
0.33,-29.446124882048537,0.08049765240881117,8.93052704850684,0.05650861180895069,0.019778014133132737,0.4388745702798099,0.05430421875697734,-3.214808483181133
0.34,-28.629302946695134,0.08260206337153024,9.161673202578875,-0.00718369891832525,-0.0025142946214138373,0.37548506821835315,0.05090574566227149,-2.7849011098391045
0.35,-27.793155703864663,0.0844009922281864,9.359375109130118,-0.00718369891832525,-0.0025142946214138373,0.32106934055870207,0.05090574566227149,-2.9718332312636266
0.36,-26.940518605158744,0.08593104553254476,9.527425703647587,-0.5586181621453149,-0.1955163567508602,0.27141818550369556,0.09712920850002499,-2.5564329490339643
0.37,-26.07392057020249,0.08722334126165175,9.669413622087772,-0.5586181621453149,-0.1955163567508602,0.22921174562334354,0.09712920850002499,-7.588343181428989
0.38,-25.19578479019167,0.08824671273570059,9.78012650285149,-0.5697431307782388,-0.19941009577238356,0.16486931995582424,0.08916276515864026,-7.14073957817098
0.39,-24.309150761454198,0.0889616704283002,9.856911399747418,-0.5697431307782388,-0.19941009577238356,0.10969494854319692,0.08916276515864026,-6.801703129301476
0.4,-23.4168564077221,0.089411769855853,9.904526804129107,-0.5791762283140317,-0.2027116799099111,0.06214554241084094,0.08675119028697961,-6.390762805331642
0.41,-22.52133846717539,0.08963518645907842,9.927205000901493,-0.5791762283140317,-0.2027116799099111,0.021795086177592602,0.08675119028697961,-6.1218644836111515
0.42,-21.624673766198466,0.08966528982223196,9.92858627237276,-1.107800964894096,-0.3877303377129336,-0.012868284348733747,0.13082561532275783,-5.808348629834492
0.43,-20.72863832841186,0.08953035779245423,9.911812008226837,-1.107800964894096,-0.3877303377129336,-0.04220994924729217,0.13082561532275783,-10.720196807470439
0.44,-19.834977570452896,0.08919132890953599,9.87090125759812,-1.1403867624494368,-0.3991353668573029,-0.09441299537989627,0.1237620814887876,-10.372582477797794
0.45,-18.946114393563505,0.08860209434847675,9.802437339963065,-1.1403867624494368,-0.3991353668573029,-0.13925985445127845,0.1237620814887876,-10.334256544465925
0.46,-18.064365259183834,0.0877945303257746,9.70986204929486,-1.1660927854923364,-0.40813247492231775,-0.1791630526993907,0.12167801303340395,-9.997399059691698
0.47,-17.19176583258432,0.08679629283661916,9.596346040832296,-1.1660927854923364,-0.40813247492231775,-0.2130672260527881,0.12167801303340395,-9.949098140085418
0.48,-16.33007343567677,0.08563287932952496,9.464634594301732,-1.1855949860430182,-0.41495824511505636,-0.24313184027211268,0.11933890335946852,-9.682948301651216
0.49,-15.480825993865384,0.08432556577478763,9.31716651386677,-1.1855949860430182,-0.41495824511505636,-0.2686112852793002,0.11933890335946852,-9.643216715895237
0.5,-14.64534866389206,0.08289375317134531,9.156030129393738,-1.6966615152948143,-0.593831530353185,-0.2911871044268702,0.16094014172137525,-9.441186809902355
0.51,-13.824800499309898,0.08135349615221751,8.98306561531924,-1.6966615152948143,-0.593831530353185,-0.31030837572169173,0.16094014172137525,-14.275468672635714
0.52,-13.020404309694841,0.07965872467201734,8.791605646986643,-1.6991188826376848,-0.5946916089231897,-0.3529614937346124,0.15117405614808255,-14.01180152941566
0.53,-12.234114980616399,0.07775772711029903,8.577598562569856,-1.6991188826376848,-0.5946916089231897,-0.3897117467575502,0.15117405614808255,-13.751322608938533
0.54,-11.46783515545757,0.07567903522906806,8.344221110199584,-1.6998613253710226,-0.5949514638798578,-0.42120002047318794,0.1474241876360467,-13.48395378788644
0.55,-10.72319894756067,0.07344822309098491,8.094321614507667,-1.6998613253710226,-0.5949514638798578,-0.4479461765972992,0.1474241876360467,-13.253737164963896
0.56,-10.001600684401403,0.07108782583864318,7.830393559539258,-1.6991721976866598,-0.5947102691903309,-0.4706479185624527,0.14400818711814534,-13.047926606365053
0.57,-9.30422755717969,0.06861717562160555,7.554575894834279,-1.6991721976866598,-0.5947102691903309,-0.48986181652783345,0.14400818711814534,-12.86503097144901
0.58,-8.632088332349076,0.06605294705785855,7.2687100565699865,-1.6971978650797959,-0.5940192527779286,-0.5060777197754629,0.14022888725448188,-12.715369995136127
0.59,-7.986038677644422,0.06340933021293234,6.974355932618114,-1.6971978650797959,-0.5940192527779286,-0.5197882407618046,0.14022888725448188,-12.569203620339948
0.6,-7.366804269324535,0.06069851167087407,6.672858219200506,-1.1898293772356372,-0.416440282032473,-0.5312767129393153,0.09087910235241287,-12.462318028278183
0.61,-6.774998148806925,0.05793087475431268,6.365348263287192,-1.1898293772356372,-0.416440282032473,-0.5409856769931259,0.09087910235241287,-7.399937722790373
0.62,-6.210909975347249,0.05517734838778146,6.0611781184661915,-1.1742524085024275,-0.41098834297584963,-0.5229092539369543,0.09148267077322032,-7.4379604492022064
0.63,-5.673870051741329,0.052510756588474525,5.766688311491363,-1.1742524085024275,-0.41098834297584963,-0.5069447986485025,0.09148267077322032,-7.3781081690910355
0.64,-5.16306144585037,0.049922141709919245,5.480906075073292,-1.158288366555229,-0.40540092829433017,-0.4923516875848768,0.08637600452396609,-7.485901552371307
0.65,-4.677748926499927,0.047402822693731125,5.202808208899177,-1.158288366555229,-0.40540092829433017,-0.4798710962216948,0.08637600452396609,-7.433441922475947
0.66,-4.2172894347729715,0.04494455853179184,4.931527293056699,-1.1422039773279407,-0.3997713920647792,-0.46843262186170703,0.08134333977386364,-7.530417234190595
0.67,-3.7811073471180947,0.042540465037146535,4.666248450914037,-1.1422039773279407,-0.3997713920647792,-0.4587159857474103,0.08134333977386364,-7.4590057475522595
0.68,-3.3686999672864935,0.04018428447637921,4.406328648767946,-1.1256967775443014,-0.39399387214050546,-0.44964909288442867,0.07718469273011191,-7.537309475072558
0.69,-2.9796124864936866,0.03787102786572298,4.151164058234485,-1.1256967775443014,-0.39399387214050546,-0.4419546265723416,0.07718469273011191,-7.444419985070973
0.7,-2.613445077271607,0.0355961668741175,3.9003047613410713,-1.1085448173083254,-0.38799068605791387,-0.43458259626343615,0.0737838135112237,-7.50750526183846
0.71,-2.269829495598025,0.03335622507357027,3.653312774900739,-1.1085448173083254,-0.38799068605791387,-0.4283233742577536,0.0737838135112237,-7.395202121478723
0.72,-1.9484387138104862,0.031147988880004727,3.409885242416073,-1.090653712036141,-0.38172879921264935,-0.42213224087434353,0.07093688228585597,-7.447265053594089
0.73,-1.6489648434019206,0.02896911613255056,3.169707083915582,-1.090653712036141,-0.38172879921264935,-0.41687081244273294,0.07093688228585597,-7.318436408100506
0.74,-1.3711311784642337,0.026817353608081473,2.9325834715152084,-0.579570897151187,-0.20284981400291546,-0.4114846375375744,0.024158725784712648,-7.36283480935779
0.75,-1.1146709294722676,0.024691189163287434,2.6982882726477038,-0.579570897151187,-0.20284981400291546,-0.40690255622101307,0.024158725784712648,-2.394343423820247
0.76,-0.8791165636201095,0.022649913605982893,2.474877964878399,-0.575083108817356,-0.2012790880860746,-0.3765421771023826,0.028749903590670867,-2.5443605584117703
0.77,-0.6631446206775852,0.020756487057213165,2.2675804187091613,-0.575083108817356,-0.2012790880860746,-0.3501843744871886,0.028749903590670867,-2.6887306241281363
0.78,-0.46538647973010033,0.01899128405936992,2.074247467972463,-0.5714582544108289,-0.2000103890437901,-0.32737615840980316,0.027585526895560007,-2.875169636427148
0.79,-0.2846596134297715,0.017336292516688723,1.8928943337258135,-0.5714582544108289,-0.2000103890437901,-0.30796464736259255,0.027585526895560007,-3.008946591031851
0.8,-0.11995307916391718,0.015775432959256264,1.72177909194418,-0.5683184044531828,-0.19891144155861398,-0.29131238810506743,0.026425437069444883,-3.157856492803004
0.81,0.029597661139385494,0.014294909278833123,1.5593886410016755,-0.5683184044531828,-0.19891144155861398,-0.27720767129221874,0.026425437069444883,-3.2555148232476094
0.82,0.16472807556287794,0.012882799904247403,1.4044364391118085,-0.5653386451597564,-0.19786852580591474,-0.26511027022964173,0.025995226073804313,-3.365869684768862
0.83,0.2860663346338547,0.011529040809862282,1.2558188686928111,-0.5653386451597564,-0.19786852580591474,-0.2548750894685001,0.025995226073804313,-3.4307884518476075
0.84,0.39414665973321295,0.010225013658420816,1.1126089858221453,-0.5622913778608046,-0.19680198225128162,-0.24606509225990758,0.02611894572669954,-3.511374809471257
0.85,0.4894263057678385,0.008963486656918518,0.9740119599734071,-0.5622913778608046,-0.19680198225128162,-0.2386124290037667,0.02611894572669954,-3.5501381695357375
0.86,0.5722947487201577,0.007738286061450285,0.8393669048071243,-0.5589880989833217,-0.19564583464416258,-0.2321525363137311,0.02655699377668632,-3.6090492154016323
0.87,0.6430869098902167,0.006544257128366401,0.708104509685472,-0.5589880989833217,-0.19564583464416258,-0.2266869591089472,0.02655699377668632,-3.6269299052820774
0.88,0.7020889622512181,0.005377007812094412,0.5797582437535175,-0.051833094407655725,-0.018141583042679515,-0.2218937010133091,-0.018180837974818467,-3.67034540367991
0.89,0.7495489554183051,0.004232897548602876,0.4539224232827094,-0.051833094407655725,-0.018141583042679515,-0.2178366596388807,-0.018180837974818467,1.2625977609781165
0.9,0.7859099614534166,0.003171102362261595,0.3386282472566498,-0.038090518088352864,-0.013331681330923502,-0.18813371738587273,-0.012886052768314539,1.1168536483004305
0.91,0.8124679401569561,0.0022544100304149497,0.23909965517071877,-0.038090518088352864,-0.013331681330923502,-0.16234126282492797,-0.012886052768314539,1.0676453977049203
0.92,0.8305702693029047,0.0014646987247589564,0.15339205606301717,-0.026994233421132267,-0.009447981697396295,-0.1395356167882852,-0.013299204844451643,0.8832614334863677
0.93,0.8413978429639667,0.0007854888077788796,0.07966636845379496,-0.026994233421132267,-0.009447981697396295,-0.12011554140827509,-0.013299204844451643,0.8234904856772948
0.94,0.8459678275237454,0.00020160501347635536,0.01630852859658155,-0.01840955422079158,-0.006443343977277053,-0.1030644385397547,-0.013797742841531385,0.6731585867629363
0.95,0.8451637248612898,-0.0002998152885661823,-0.03811191802030596,-0.01840955422079158,-0.006443343977277053,-0.08861055913242927,-0.013797742841531385,0.6265921377458796
0.96,0.8397431520442055,-0.000730311783917251,-0.08481935670175632,-0.0117182963182745,-0.004101403711396075,-0.07593084386234378,-0.013651671494627683,0.5126415601182043
0.97,0.8303631197387118,-0.0010995126311984266,-0.12488433667191469,-0.0117182963182745,-0.004101403711396075,-0.06519391582544552,-0.013651671494627683,0.48021204920201865
0.98,0.8175866331877822,-0.001416000907433679,-0.15921611991185658,-0.006440823751658585,-0.002254288313080505,-0.055763481216243256,-0.01300335787774326,0.3951483696577305
0.99,0.8019022162857441,-0.0016869049945037544,-0.18860816034535316,-0.006440823751658585,-0.002254288313080505,-0.047779637797449065,-0.01300335787774326,0.3738597060713938
1.0,0.7837286602517342,-0.0019185770946269253,-0.21373228310273037,-0.0022185255690950288,-0.0007764839491832599,-0.04075235109152585,-0.01206254277802517,0.3104891646226961
1.01,0.7634298568722442,-0.0021162810820536536,-0.23517542474915104,-0.0022185255690950288,-0.0007764839491832599,-0.034802935293628025,-0.01206254277802517,0.2974705201802101
1.02,0.7413180124253641,-0.0022847143065705565,-0.25343337245065634,0.001213970874526054,0.00042488980608411885,-0.029551288528029112,-0.010987855857319501,0.25018540771402803
1.03,0.7176649310174658,-0.002427761597487255,-0.26894031776727023,0.001213970874526054,0.00042488980608411885,-0.02510477216220168,-0.010987855857319501,0.24319922678482458
1.04,0.6927040746692106,-0.0025488977629631237,-0.2820620434124395,0.004052434990967264,0.0014183522468385421,-0.021165256101033224,-0.00988469863410776,0.20780838383900493
1.05,0.6666392026806657,-0.0026509897739886456,-0.29311997263031586,0.004052434990967264,0.0014183522468385421,-0.017829284581663267,-0.00988469863410776,0.20518097816275804
1.06,0.6396455854753268,-0.00273661017042682,-0.30238397845748316,0.006441121763569846,0.0022543926172494456,-0.014859870057063409,-0.008818616829602628,0.17858281349974864
1.07,0.6118766798047095,-0.002807875086216382,-0.310092263846841,0.006441121763569846,0.0022543926172494456,-0.012344967062933731,-0.008818616829602628,0.17907378302871152
1.08,0.583464728259344,-0.0028666913190256117,-0.3164439704666869,0.008486257329978047,0.002970190065492316,-0.01009333689269343,-0.007827465759080504,0.15897858160341521
1.09,0.5545259737591934,-0.0029146212664627295,-0.3216158900700253,0.008486257329978047,0.002970190065492316,-0.008185962549677675,-0.007827465759080504,0.16167037380291865
1.1,0.5251608169065981,-0.002953080524833746,-0.32575501330593365,0.010266020613335577,0.0035931072146674517,-0.0064660017012073,-0.006930473745817291,0.14638884402182326
1.11,0.4954579413734932,-0.0029832231884837765,-0.328992812092751,0.010266020613335577,0.0035931072146674517,-0.005008645843252786,-0.006930473745817291,0.1506027965808528
1.12,0.46549415648678094,-0.0030061024248441894,-0.3314378348971387,0.011837915981402216,0.004143270593490775,-0.003683082961080447,-0.0061346764015446096,0.13888887613500328
1.13,0.4353377075595519,-0.003022571322978707,-0.3331881052106741,0.011837915981402216,0.004143270593490775,-0.0025595726482871093,-0.0061346764015446096,0.14412285114760723
1.14,0.40504789791380524,-0.0030334156195905297,-0.3343238432348864,0.013244215257850248,0.004635475340247586,-0.0015271704737207887,-0.005439398001095473,0.13505751484455092
1.15,0.37467778618335146,-0.0030392665573951328,-0.3349183816913661,0.013244215257850248,0.004635475340247586,-0.0006518287768941473,-0.005439398001095473,0.14093981779721748
1.16,0.3442736574519176,-0.0030407125206332406,-0.33503107388889874,0.014515973656734822,0.005080590779857188,0.00016206738925035664,-0.0048393292674800675,0.1338453110835316
1.17,0.3138772564300764,-0.0030382213026924473,-0.3347170220520925,0.014515973656734822,0.005080590779857188,0.0008524203888858851,-0.0048393292674800675,0.1401006825334875
1.18,0.28352515926563493,-0.003032235627530393,-0.33402021680695126,0.015675992960962667,0.005486597536336933,0.0015028562933113107,-0.004326608809467078,0.134477234576766
1.19,0.2532506523206166,-0.003023102917533282,-0.33298229513172045,0.015675992960962667,0.005486597536336933,0.0020548053571067086,-0.004326608809467078,0.14090175667585603
1.2,0.22308304281861574,-0.003011158363312997,-0.33163594509866257,0.016741007702269387,0.005859352695794285,0.0025823630804407867,-0.0038922031773950478,0.1363808847735196
1.21,0.19304926406471346,-0.0029966607919878767,-0.33001285310769574,0.016741007702269387,0.005859352695794285,0.0030302523285490844,-0.0038922031773950478,0.1428234651466117
1.22,0.16317315319166945,-0.002979865979421901,-0.3281373992926066,0.01772329791861815,0.006203154271516352,0.003464846581705389,-0.0035267973751227037,0.13913352155403877
1.23,0.13347684237697657,-0.0029609675937454396,-0.32603391147994254,0.01772329791861815,0.006203154271516352,0.0038339923420476047,-0.0035267973751227037,0.14548222919306955
1.24,0.10398002462161007,-0.0029401627306797225,-0.3237206702855526,0.01863187874285761,0.006521157560000163,0.004197671435998895,-0.0032213471456386143,0.14242298090673416
1.25,0.0747011748327862,-0.0029175971824565283,-0.32121655625294854,0.01863187874285761,0.006521157560000163,0.004506732736437466,-0.0032213471456386143,0.14859496129471092
1.26,0.0456568191406698,-0.002893424651568093,-0.3185353787976942,0.01947337770872629,0.006815682198054201,0.004815745165908511,-0.0029674005500731422,0.1460188346611484
1.27,0.016862618163422233,-0.0028677557973290965,-0.31569198027317136,0.01947337770872629,0.006815682198054201,0.005078472706709649,-0.0029674005500731422,0.15195286524381904
1.28,-0.011667348659013099,-0.002840712196880299,-0.312696899172619,0.020252681602606466,0.007088438560912263,0.005344791875844644,-0.00275726478023189,0.14975110811802503
1.29,-0.03991961380347928,-0.002812378769678915,-0.30956197827078996,0.020252681602606466,0.007088438560912263,0.005571318421153687,-0.00275726478023189,0.15540210152566916
1.3,-0.06788201382507206,-0.00278285327046211,-0.30629536957635745,0.020973413244747465,0.007340694635661612,0.0058037675635212605,-0.002584071453632061,0.15349457379230128
1.31,-0.09554281653817717,-0.002752201800134783,-0.3029066816003241,0.020973413244747465,0.007340694635661612,0.0060015599724159326,-0.002584071453632061,0.15882951787846955
1.32,-0.1228913834130093,-0.0027205044068059517,-0.2994023312512762,0.021638282758770364,0.007573398965569627,0.006206642075842205,-0.002441777398442568,0.15715715913754785
1.33,-0.14991738023161758,-0.0026878134703331056,-0.29579025650125396,0.021638282758770364,0.007573398965569627,0.0063812036753111145,-0.002441777398442568,0.16215211691154302
1.34,-0.17661140512266635,-0.002654195834659742,-0.29207561857536163,0.022249346210998798,0.007787271173849579,0.0065637137441818824,-0.002325126362871211,0.1606713895049757
1.35,-0.20296427309477263,-0.0026196939103981594,-0.28826509994915334,0.022249346210998798,0.007787271173849579,0.006719102491559194,-0.002325126362871211,0.16530928089728206
1.36,-0.22896760635929914,-0.002584364649893914,-0.28436295868626904,0.022808195884675985,0.007982868559636595,0.006882579205417409,-0.002229588881500012,0.16398807044672087
1.37,-0.25461318561082497,-0.002548243253386097,-0.2803749271632767,0.022808195884675985,0.007982868559636595,0.007021789929842348,-0.002229588881500012,0.1682570307824687
1.38,-0.27989350022630327,-0.002511379216711201,-0.276304619168721,0.023316100096180837,0.008160635033663292,0.007168848798561359,-0.0021512917554882974,0.16707162216442478
1.39,-0.3048011609646021,-0.002473802555980286,-0.27215704153583586,0.023316100096180837,0.008160635033663292,0.007294095151441075,-0.0021512917554882974,0.17096378602914167
1.4,-0.32932940834114166,-0.0024355570986458503,-0.267935353570611,0.023774105768890292,0.008320937019111602,0.007426674230425074,-0.0020869445685812427,0.16989663287723775
1.41,-0.3534715827302467,-0.0023966691623854594,-0.26364400152859824,0.023774105768890292,0.008320937019111602,0.007539596634282532,-0.0020869445685812427,0.1734072317570864
1.42,-0.37722158975648334,-0.002357178217512943,-0.2592858290418618,0.024183113518456097,0.008464089731459633,0.007659137719846177,-0.002033767869380785,0.17244531148512465
1.43,-0.40057342473415003,-0.0023171079701513665,-0.2548648428440411,0.024183113518456097,0.008464089731459633,0.007760956713164894,-0.002033767869380785,0.1755720028504112
1.44,-0.42352159433361364,-0.002276494493336362,-0.250383672082116,0.02454393244860871,0.008590376357013048,0.007868538929856016,-0.001989425742921638,0.17470560371842003
1.45,-0.44606069297690837,-0.002235359674290749,-0.24584597268266248,0.02454393244860871,0.008590376357013048,0.007960168220563626,-0.001989425742921638,0.1774479708240701
1.46,-0.4681857803616176,-0.0021937368898417736,-0.24125423273901514,0.024857319971316873,0.008700061989960903,0.00805660647899117,-0.0019519642120640656,0.17666979780243142
1.47,-0.48989200792054877,-0.002151646783925118,-0.2366118222801003,0.024857319971316873,0.008700061989960903,0.008138736267352197,-0.0019519642120640656,0.17902897541634782
1.48,-0.5111749520408604,-0.002109120547756522,-0.23192114129821045,0.025124010573731377,0.008793403700805981,0.008224653800088329,-0.0019197560652684693,0.17833349128846393
1.49,-0.5320302890410173,-0.0020661779975171624,-0.22718532132575708,0.025124010573731377,0.008793403700805981,0.008297812163495216,-0.0019197560652684693,0.18031188431420325
1.5,-0.5524540841264375,-0.00202284850933981,-0.22240671209978102,0.025344736427369303,0.008870657749579255,0.008373693933131641,-0.0018914521685456703,0.1796948243612728
1.51,-0.5724425135766869,-0.0019791513691419177,-0.2175882411945699,0.025344736427369303,0.008870657749579255,0.008438292022717595,-0.0018914521685456703,0.1812958949919339
1.52,-0.5919921096438336,-0.001935114405620188,-0.21273223479609898,0.025520241976922237,0.008932084691922783,0.008504524015355095,-0.0018659389906640206,0.1807539097645889
1.53,-0.6110995288053657,-0.0018907565849051206,-0.20784144162299523,0.025520241976922237,0.008932084691922783,0.008560889307237944,-0.0018659389906640206,0.18198201519918034
1.54,-0.6297617529472237,-0.001846104380455819,-0.2029181827998726,0.025651294086446366,0.008977952930256227,0.008617787410701298,-0.001842301884582954,0.1815124078053776
1.55,-0.6479759026440614,-0.0018011765849816081,-0.1979650463837568,0.025651294086446366,0.008977952930256227,0.008666188142623056,-0.001842301884582954,0.18237267527439846
1.56,-0.6657393950826175,-0.0017559984536900757,-0.1929843608742347,0.02573868890751319,0.009008541117629616,0.00871401933913617,-0.0018197935770287235,0.18197320841176096
1.57,-0.6830498013960647,-0.0017105887050317958,-0.1879785668163151,0.02573868890751319,0.009008541117629616,0.008754682442713877,-0.0018197935770287235,0.1824714377357159
1.58,-0.6999049618801624,-0.0016649714726617133,-0.18295000806338385,0.02578325632883045,0.009024139715090657,0.00879368033034564,-0.0017978072888848655,0.1821401921889724
1.59,-0.7163028864439158,-0.0016191654652142862,-0.177900987127794,0.02578325632883045,0.009024139715090657,0.00882680456367506,-0.0017978072888848655,0.18228277865727932
1.6,-0.7322418277546442,-0.0015731937622096414,-0.17283386791679967,0.025785862641571972,0.009025051924550189,0.008857180692952937,-0.0017758539186034806,0.18201804977218844
1.61,-0.7477202238813708,-0.0015270751014079217,-0.16775082173214875,0.025785862641571972,0.009025051924550189,0.00888294623152598,-0.0017758539186034806,0.18181192202014287
1.62,-0.7627367300783835,-0.0014808315544454945,-0.1626542348272343,0.025747411888319614,0.009011594160911865,0.008904898354057297,-0.0017535427533911891,0.18161214420041139
1.63,-0.7772902026968652,-0.0014344819084590866,-0.15754615220421167,0.025747411888319614,0.009011594160911865,0.008923473768265747,-0.0017535427533911891,0.1810647131556481
1.64,-0.7913796903818004,-0.0013880472582658962,-0.15242898299091698,0.025668846240705832,0.00898409618424704,0.008937191806739271,-0.0017305652178614213,0.18092840503800542
1.65,-0.8050044583159087,-0.001341546446971511,-0.1473046494394045,0.025668846240705832,0.00898409618424704,0.008948739110949337,-0.0017305652178614213,0.18004752103571547
1.66,-0.8181639396633924,-0.0012949996128577416,-0.14217558279252782,0.025551145660189938,0.008942900981066478,0.008954409447754212,-0.00170668122016185,0.1799732459233303
1.67,-0.8308577991916083,-0.0012484256516532297,-0.1370435851445413,0.025551145660189938,0.008942900981066478,0.008959087726402467,-0.00170668122016185,0.17876716184771357
1.68,-0.8430858458483045,-0.0012018437578510959,-0.13191110815872972,0.02539532702951341,0.008888364460329692,0.008956896251555395,-0.0016817077067865177,0.17875349940270474
1.69,-0.8548481347831508,-0.0011552728692717895,-0.12677983570385848,0.02539532702951341,0.008888364460329692,0.008954864235229074,-0.0016817077067865177,0.17723083827178096
1.7,-0.8661448419935989,-0.0011087312442157528,-0.12165223749522021,0.025202442893061342,0.008820855012571467,0.008944998478777274,-0.001655509086604856,0.17727636451588544
1.71,-0.8769764037422108,-0.0010622378469170145,-0.11652988066656393,0.025202442893061342,0.008820855012571467,0.0089364163454725,-0.001655509086604856,0.17544609034018732
1.72,-0.8873433542507412,-0.001015810003682477,-0.11141525013692724,0.024973579908038702,0.008740752967813547,0.008919066934291734,-0.0016279892305027484,0.17554936378623756
1.73,-0.8972465014815133,-0.0009694666858460655,-0.10630979751350418,0.024973579908038702,0.008740752967813547,0.008904097538896276,-0.0016279892305027484,0.17342075483770433
1.74,-0.9066867289001904,-0.0009232242898104852,-0.10121601973530225,0.024709857081662668,0.008648449978581932,0.008879459154899723,-0.0015990847946394323,0.17358030714540967
1.75,-0.9156652065612566,-0.0008771017721831739,-0.09613525392620383,0.024709857081662668,0.008648449978581932,0.008858268836710773,-0.0015990847946394323,0.17116293099934898
1.76,-0.9241831579975691,-0.0008311146003848834,-0.09107000563357774,0.024412423849984325,0.008544348347494513,0.008826540807074006,-0.0015687596523992844,0.17137726097007192
1.77,-0.9322421055220323,-0.0007852816927933851,-0.08602149846106015,0.024412423849984325,0.008544348347494513,0.00879929988588361,-0.0015687596523992844,0.1686809508513653
1.78,-0.9398436033366521,-0.0007396175882912133,-0.08099224300557893,0.02408245803962546,0.00842886031386891,0.008760686501654938,-0.0015370002527029323,0.16894852088732354
1.79,-0.9469895159352941,-0.0006941411424707622,-0.07598335029502196,0.02408245803962546,0.00842886031386891,0.008727569543961674,-0.0015370002527029323,0.1659833529774048
1.8,-0.9536817185567682,-0.0006488659661426204,-0.07099733233056399,0.02372116374328279,0.008302407310148975,0.00868228017817881,-0.0015038117506765895,0.16630258735992962
1.81,-0.9599224075475425,-0.0006038108269736265,-0.06603518853459348,0.02372116374328279,0.008302407310148975,0.008643466093716665,-0.0015038117506765895,0.16307885881484263
1.82,-0.9657137693125103,-0.0005589884085538155,-0.061099428626660734,0.02332976913229282,0.008165419196302487,0.008591715171537595,-0.0014692147811059657,0.16344814332533109
1.83,-0.9710583214719827,-0.0005144173652525619,-0.056190941451206615,0.02332976913229282,0.008165419196302487,0.008547387184560907,-0.0014692147811059657,0.15997635082560507
1.84,-0.9759585514903232,-0.0004701094549361607,-0.0513122307547912,0.02290952422411121,0.008018333478438923,0.008489394044202344,-0.0014332427660140512,0.16039403335736802
1.85,-0.9804172874386856,-0.0004260831933404028,-0.04646407591088409,0.02290952422411121,0.008018333478438923,0.008439739572359568,-0.0014332427660140512,0.15668485206364285
1.86,-0.9844373075057248,-0.0003823494149347209,-0.04164897102320326,0.022461698618675495,0.007861594516536423,0.008375728245538434,-0.0013959396655028,0.15714924396460936
1.87,-0.9880217391565335,-0.0003389264717254579,-0.03686758719579598,0.022461698618675495,0.007861594516536423,0.008320938710622023,-0.0013959396655028,0.15321350679330037
1.88,-0.9911736407512096,-0.0002958242780707369,-0.032122405262235046,0.02198757921487383,0.007695652725205841,0.008251137643766528,-0.001357358096077553,0.15372288474707868
1.89,-0.9938964278713923,-0.00025306099754953933,-0.027413989363250908,0.02198757921487383,0.007695652725205841,0.008191408232339758,-0.001357358096077553,0.14957156191116822
1.9,-0.9961934282916148,-0.0002106456287398942,-0.02274480349410415,0.02148846791641568,0.007520963770745488,0.00811604996437774,-0.0013175577533932029,0.15012417021362762
1.91,-0.9980683342278516,-0.00016859612261635386,-0.01811530624902162,0.02148846791641568,0.007520963770745488,0.008051579351659949,-0.0013175577533932029,0.14576834899721225
1.92,-0.9995247319233485,-0.00012692056740970005,-0.013527941289180813,0.02096567933506764,0.007337987767273674,0.007970900160185417,-0.0012766040870542934,0.14636240212223192
1.93,-1.0005665785586944,-8.563667793068989e-05,-0.008983063193123125,0.02096567933506764,0.007337987767273674,0.007901890207186969,-0.0012766040870542934,0.14181326687553836
1.94,-1.0011977077282457,-4.475163863005816e-05,-0.004483091875318069,0.020420538498294293,0.007147188474403002,0.007816129731869697,-0.0012345671840619842,0.14244695225032789
1.95,-1.001422329738473,-4.282905290331268e-06,-2.8279544607746112e-05,0.020420538498294293,0.007147188474403002,0.007742785163283476,-0.0012345671840619842,0.13771576460569857
1.96,-1.0012445142631963,3.576323370105908e-05,0.004378980951888506,0.019854378567707085,0.006949032498697479,0.007652186013237517,-0.0011915208249897605,0.1383872455356966
1.97,-1.0006687127463665,7.53696036970449e-05,0.008738538014316252,0.019854378567707085,0.006949032498697479,0.007574714081775856,-0.0011915208249897605,0.13348532485552136
1.98,-0.9996992195341161,0.00011453080350537074,0.013048029084209116,0.019268538574277006,0.006743988500996952,0.0074795214320324535,-0.001147541683213415,0.13419274355321725
1.99,-0.9983407150897078,0.00015322996091371487,0.01730740129692226,0.019268538574277006,0.006743988500996952,0.007398131573569621,-0.001147541683213415,0.12913144762862905
2.0,-0.9965977069079437,0.0001914625519139252,0.02151432549841472,0.01866436117592838,0.006532526411574932,0.007298592754653192,-0.0011027086427136536,0.12987292831112954
2.01,-0.9944750922437512,0.00022921202717811958,0.0256688455749961,0.01866436117592838,0.006532526411574932,0.00721349623756345,-0.0011027086427136536,0.12466363433589261
2.02,-0.9919775801197626,0.000266474728744684,0.029768668782040573,0.01804319044286906,0.0063151166550041715,0.007109860321331393,-0.00105710221428117,0.12543728636370863
2.03,-0.9891102722659239,0.0003032344497359046,0.03381393366538797,0.01804319044286906,0.0063151166550041715,0.007021269892703728,-0.00105710221428117,0.12009137221168326
2.04,-0.985878067534126,0.00033948838599545135,0.03780238677955707,0.017406369675764363,0.0060922293865175265,0.006913787276997769,-0.001010804033524565,0.1208952932468082
2.05,-0.9822862597442452,0.00037522069174916327,0.04173425913519423,0.017406369675764363,0.0060922293865175265,0.0068219168078897914,-0.001010804033524565,0.11542411908371611
2.06,-0.9783399258206098,0.0004104294033289603,0.04560733935661053,0.016755239261633977,0.005864333741571892,0.0067108388020951015,-0.000963896427035339,0.116256398249172
2.07,-0.9740445392400263,0.00044509905378194403,0.04942194862554907,0.016755239261633977,0.005864333741571892,0.006615902933606503,-0.000963896427035339,0.11067128851066066
2.08,-0.9694053432036169,0.00047922850556755294,0.05317592028442807,0.01609113457209495,0.005631897100233233,0.006501481346879967,-0.0009164620355007288,0.11153000953672162
2.09,-0.9644279783846168,0.0005128026873172175,0.056869663298058766,0.01609113457209495,0.005631897100233233,0.006403695138542523,-0.0009164620355007288,0.10584223530480996
2.1,-0.9591178424457615,0.0005458212722490029,0.06050105825020471,0.015415383908308893,0.0053953843679081116,0.006286181872218436,-0.0008685834845637698,0.10672547964937926
2.11,-0.953480730788918,0.0005782696003719801,0.06407059941135008,0.015415383908308893,0.0053953843679081116,0.006185760453985195,-0.0008685834845637698,0.10094624145872669
2.12,-0.9475221837227983,0.0006101481393242181,0.06757621700248129,0.01472930649669623,0.005155257273843681,0.006065407099471615,-0.0008203430958813047,0.10185209139107006
2.13,-0.9412481389227563,0.0006414426553043441,0.07101848803817533,0.01472930649669623,0.005155257273843681,0.0059625653284226055,-0.0008203430958813047,0.09599250249511274
2.14,-0.9346642675461935,0.0006721543931029465,0.07439539464329818,0.014034210539161414,0.004911973688706495,0.005839622771746406,-0.0007718226321865882,0.09691904413349961
2.15,-0.9277766371190797,0.0007022695589302662,0.0777075939361212,0.014034210539161414,0.004911973688706495,0.005734574894496522,-0.0007718226321865882,0.0909901142585543
2.16,-0.9205910378870549,0.0007317901565759891,0.08095312208135945,0.01333139132123641,0.0046659869624327424,0.005609292928527135,-0.0007231030712748327,0.09193544055344735
2.17,-0.9131136548553589,0.000760702845088636,0.0841327135872751,0.01333139132123641,0.0046659869624327424,0.005502252250213101,-0.0007231030712748327,0.0859480601665534
2.18,-0.9053503856523695,0.0007890103682622931,0.0872444606626185,0.012622129381193526,0.0044177452834177336,0.005374879195485352,-0.0006742644047394786,0.08691027382189931
2.19,-0.8973075204616053,0.0008166998498122331,0.09028917242426114,0.012622129381193526,0.0044177452834177336,0.005266057756115562,-0.0006742644047394786,0.08087519893549419
2.2,-0.8889910526613334,0.0008437747537470666,0.09326499899664244,0.011907688742817094,0.004167691059985983,0.005136840091074623,-0.0006253854580305967,0.08185241526146146
2.21,-0.8804073654010814,0.0008702226792788422,0.09617282126189632,0.011907688742817094,0.004167691059985983,0.005026448349942612,-0.0006253854580305967,0.07578025279516676
2.22,-0.8715625362660641,0.0008960477900929117,0.09901084899885061,0.011189315214158044,0.003916260324955315,0.0048956303513449425,-0.000576543729013637,0.07677060248639105
2.23,-0.8624630292661386,0.0009212381707317986,0.10178003195535971,0.011189315214158044,0.003916260324955315,0.004783876880131468,-0.000576543729013637,0.07067179620325931
2.24,-0.8531149947572014,0.0009457986633201114,0.1044786411702718,0.010468234754234395,0.0036638821639820383,0.0046517002742523066,-0.0005278152427016027,0.07167342803731463
2.25,-0.8435249656276882,0.0009697178465725622,0.10710769230722857,0.010468234754234395,0.0036638821639820383,0.004538791459369848,-0.0005278152427016027,0.06555824506895913
2.26,-0.8336991536908412,0.000993001219164731,0.10966551913783817,0.00974565190929484,0.0034109781682531938,0.004405495084588842,-0.0004792744202373872,0.06656932852039392
2.27,-0.8236441488726304,0.0010156378618396582,0.11215320024702087,0.00974565190929484,0.0034109781682531938,0.004291634839255072,-0.0004792744202373872,0.06044784649261113
2.28,-0.8133662132689556,0.0010376339073341918,0.11456913347943898,0.009022748319927948,0.0031579619119747816,0.004157454320516422,-0.0004309939605314778,0.061466574258474876
2.29,-0.802871982159174,0.0010589789452985893,0.11691445730801137,0.009022748319927948,0.0031579619119747816,0.004042843806979005,-0.0004309939605314778,0.055348669026238
2.3,-0.7921677569009573,0.0010796797194895138,0.11918763485900294,0.008300681299993855,0.002905238454997849,0.003908011242550855,-0.00038304473322865946,0.05637325945958532
2.31,-0.7812602066153878,0.0010997263343761733,0.1213898614270553,0.008300681299993855,0.002905238454997849,0.003792848604824835,-0.00038304473322865946,0.05026859345781333
2.32,-0.7701556610693983,0.0011191261211915937,0.12351966649777346,0.007580582488071044,0.002653203870824865,0.003657592265714762,-0.00033549568189608094,0.051297292906202656
2.33,-0.7588608119015785,0.0011378697041802383,0.12557829909397633,0.007580582488071044,0.002653203870824865,0.0035420723731359044,-0.00033549568189608094,0.0452153041204191
2.34,-0.7473820066179633,0.0011559649780557223,0.12756435600869026,0.006863556571857578,0.002402244800150152,0.003406616415455591,-0.0002884137365041624,0.04624638916692521
2.35,-0.7357259482522002,0.0011734030908518592,0.12947913687775794,0.006863556571857578,0.002402244800150152,0.003290930617298654,-0.0002884137365041624,0.04019628072590488
2.36,-0.7238989915749845,0.001190192476364178,0.13132130662140795,0.006150680085741679,0.0021527380300095877,0.0031554948078114688,-0.00024186373441858496,0.04122806033063352
2.37,-0.7119078401080069,0.0012063248095023243,0.1330922123573274,0.006150680085741679,0.0021527380300095877,0.0030398306991717967,-0.00024186373441858496,0.03521879072136978
2.38,-0.699758845620645,0.0012218090383912027,0.1347905878259723,0.005443000281562354,0.0019050500985468238,0.0029046301542024673,-0.00019590834924236258,0.03624960826189621
2.39,-0.6874587014440656,0.001236637366990993,0.13641782448515596,0.005443000281562354,0.0019050500985468238,0.002789171353292809,-0.00019590834924236258,0.03028988216571904
2.4,-0.675013746300929,0.0012508192326980913,0.13797272546354974,0.004741534072417182,0.0016595369253460137,0.002654416291128845,-0.0001506080269468221,0.03131811737526877
2.41,-0.6624306528940992,0.0012643473698031153,0.13945672341221813,0.004741534072417182,0.0016595369253460137,0.0025393422281010836,-0.0001506080269468221,0.025416377122705128
2.42,-0.6497157370861822,0.001277231679658601,0.14086869129287694,0.004047267049235321,0.0014165434672323623,0.002405237734971313,-0.00010602092881281585,0.026440447925252852
2.43,-0.6368756407664199,0.0012894654272887281,0.14221009980307617,0.004047267049235321,0.0014165434672323623,0.0022907234523351157,-0.00010602092881281585,0.020604865566184637
2.44,-0.6239166473669328,0.0013010589524765019,0.14347989206127434,0.0033611525697227096,0.0011764033994029483,0.0021574692620115184,-6.220288077244697e-05,0.021623229807965275
2.45,-0.6108453580414771,0.0013120060505249721,0.1446795736699912,0.0033611525697227096,0.0011764033994029483,0.0020436852266885047,-6.220288077244697e-05,0.01586169979284236
2.46,-0.5976680144743696,0.0013223174739579544,0.14580815810916248,0.0026841109191951657,0.0009394388217183079,0.0019114755137234418,-1.9207328798977934e-05,0.016872856870047546
2.47,-0.5843911674357944,0.0013319875470646915,0.14686718275501934,0.0026841109191951657,0.0009394388217183079,0.0017985874407465236,-1.9207328798977934e-05,0.011192989337271576
2.48,-0.571021007807624,0.0013410274093016044,0.14785573153704168,0.0020170285427400458,0.000705959989959016,0.0016676106273281642,2.2914699959510076e-05,0.012195481719946746
2.49,-0.5575640266118082,0.0013494319118341016,0.1487753704890414,0.0020170285427400458,0.000705959989959016,0.0015557793151707235,2.2914699959510076e-05,0.006604596384024688
2.5,-0.5440263551447397,0.0013572125551689453,0.14962525396385926,0.0013607573480928288,0.00047626507183249006,0.0014262178915544301,6.41146305664757e-05,0.007597011036389344
2.51,-0.5304144156078714,0.001364364714441694,0.15040697355660965,0.0013607573480928288,0.00047626507183249006,0.0013155990690527641,6.41146305664757e-05,0.0021021316711103168
2.52,-0.516734271208978,0.0013709002252966312,0.15111975390559315,0.000716114078562,0.0002506399274967,0.0011876294275053342,0.00010434636843387055,0.0030831013686991957
2.53,-0.5029922665574574,0.0013768149831595068,0.1517652090953787,0.000716114078562,0.0002506399274967,0.0010783736123200225,0.00010434636843387055,-0.002309049120774385
2.54,-0.4891943885568821,0.0013821211329112153,0.15234263380274798,8.387975529806762e-05,2.9357914354323657e-05,0.0009521658944959099,0.0001435663224118508,-0.0013408445766036085
2.55,-0.47534689576138356,0.0013868150858364753,0.1528536615587341,8.387975529806762e-05,2.9357914354323657e-05,0.0008444182630426748,0.0001435663224118508,-0.006623848499074661
2.56,-0.46145569084932947,0.0013909092702051927,0.15329765672528575,-0.0005352008118376702,-0.00018732028414318456,0.0007201362206965561,0.00018173342301050957,-0.005669681168597341
2.57,-0.4475269381717006,0.0013944006080018456,0.1536762692700416,-0.0005352008118376702,-0.00018732028414318456,0.0006140364894646173,0.00018173342301050957,-0.010837429816229767
2.58,-0.4335664485616456,0.0013973017851313708,0.153988932783308,-0.0011404194455842407,-0.0003991468059544842,0.0004918373583919585,0.00021880913591379604,-0.00989852260999877
2.59,-0.4195802843407597,0.0013996102284146393,0.1542373106967217,-0.0011404194455842407,-0.0003991468059544842,0.0003875196765571015,0.00021880913591379604,-0.014945219458648
2.6,-0.4055741571837313,0.0014013388557704747,0.15442090527157545,-0.0017311049555902053,-0.0006058867344565718,0.00026755406364338053,0.0002547574709306111,-0.014022745226461006
2.61,-0.3915540198838623,0.001402485592312966,0.15454139047211166,-0.0017311049555902053,-0.0006058867344565718,0.0001651469168735788,0.0002547574709306111,-0.018942908574113432
2.62,-0.3775254779560832,0.0014030635625245918,0.15459833657569752,-0.002306623426585883,-0.0008073181993050591,4.755870012289329e-05,0.0002895449865165905,-0.018037989293357093
2.63,-0.3634943674988546,0.0014030711826145286,0.1545934251928105,-0.002306623426585883,-0.0008073181993050591,-5.2815174534115976e-05,0.0002895449865165905,-0.02282645434423682
2.64,-0.3494661811825606,0.0014025217583865407,0.15452629386754602,-0.0028663784413238856,-0.00100323245446336,-0.00016788893312991735,0.0003231407899904456,-0.021940160406587052
2.65,-0.3354466315810274,0.0014014141893171094,0.15439862901891782,-0.0028663784413238856,-0.00100323245446336,-0.0002661126213958922,0.0003231407899904456,-0.026592080808814207
2.66,-0.3214410921557769,0.0013997619375325733,0.15421013461715463,-0.003409811239254572,-0.0011934339337391002,-0.0003785417502954636,0.00035551653356316105,-0.02572543040420086
2.67,-0.30745514546673103,0.0013975643773450205,0.15396249910427076,-0.003409811239254572,-0.0011934339337391002,-0.0004745042239742509,0.00035551653356316105,-0.03023627924942071
2.68,-0.2934940397260768,0.00139483510248294,0.15365549194804598,-0.00393640081195796,-0.001377740284185286,-0.0005841655039900146,0.00038664640629371545,-0.029390237846092748
2.69,-0.2795632213342323,0.0013915739530845493,0.1532908008834565,-0.00393640081195796,-0.001377740284185286,-0.0006777616735782904,0.00038664640629371545,-0.03375580813996337
2.7,-0.2656678075402026,0.0013877946300718108,0.15286825986259575,-0.00444566393642089,-0.0015559823777473115,-0.0007845388874122543,0.0004165071220830147,-0.0329312880594161
2.71,-0.2518131027855056,0.0013834974298483126,0.15238955324203396,-0.00444566393642089,-0.0015559823777473115,-0.0008756696441516911,0.0004165071220830147,-0.0371476926724309
2.72,-0.23800408797095188,0.0013786961364648147,0.15185457836368335,-0.004937155147321485,-0.0017280043015625197,-0.000979453613742043,0.00044507790381736307,-0.036345552757877986
2.73,-0.22424592012789524,0.0013733914925050635,0.1512650135960266,-0.004937155147321485,-0.0017280043015625197,-0.0010680258612653273,0.00044507790381736307,-0.040409223866640503
2.74,-0.21054343875440737,0.0013675973414589988,0.1506208184985,-0.005410466649554703,-0.0018936633273441458,-0.001168714473133591,0.00047234046377324314,-0.03963026924362881
2.75,-0.19690164836988203,0.0013613148615079708,0.14992366290635756,-0.005410466649554703,-0.0018936633273441458,-0.0012546411488666004,0.00047234046377324314,-0.04353795727331884
2.76,-0.1833252423466527,0.001354557932296365,0.14917356734997816,-0.005865228172316725,-0.0020528298603108537,-0.0013521393676672738,0.0004982789803975491,-0.04278293920099384
2.77,-0.1698190679405746,0.0013473281565506018,0.1483721906534807,-0.005865228172316725,-0.0020528298603108537,-0.0014353394541600968,0.0004982789803975491,-0.04653171128049955
2.78,-0.15638766800731302,0.0013396394272182392,0.1475196130008781,-0.0063011067661427915,-0.0022053873681499767,-0.0015295593246478503,0.0005228800715796979,-0.04580132709193282
2.79,-0.14303572813799864,0.0013314937600758215,0.1466174797970154,-0.0063011067661427915,-0.0022053873681499767,-0.001609957851018602,0.0005228800715796979,-0.04938856503378336
2.8,-0.12976763661275198,0.0013229050389835866,0.14566592949510643,-0.00671780654437698,-0.0023512322905319427,-0.0017008184886616832,0.0005461327645355624,-0.04868345816367184
2.81,-0.11658791330679831,0.0013138756808585585,0.14466659174472116,-0.00671780654437698,-0.0023512322905319427,-0.0017783465223486425,0.0005461327645355624,-0.052106855981630215
2.82,-0.10350078819734358,0.0013044195385699755,0.14361966182035435,-0.007115068370629634,-0.0024902739297203713,-0.0018657740928313218,0.0005680284624264382,-0.05142761607957142
2.83,-0.09051061174159283,0.0012945394178788296,0.1425267513546447,-0.007115068370629634,-0.0024902739297203713,-0.0019403687218610775,0.0005680284624264382,-0.054685177057402015
2.84,-0.07762145221690975,0.001284249119271222,0.14138811093562606,-0.007492669493859955,-0.002622434322850984,-0.0020242964097322946,0.0005885609078403509,-0.054032340184840856
2.85,-0.06483748730795287,0.001273551824696618,0.14020533199373936,-0.007492669493859955,-0.002622434322850984,-0.002095900715723792,0.0005885609078403509,-0.057122373510465216
2.86,-0.05216262052418665,0.0012624612614007959,0.13897871886667973,-0.007850423132788052,-0.002747648096475818,-0.0021762686824637867,0.0006077261432659495,-0.05649642241929785
2.87,-0.039600853768782474,0.0012509809745351026,0.13770984067569317,-0.007850423132788052,-0.002747648096475818,-0.002244831704600686,0.0006077261432659495,-0.059417539399101306
2.88,-0.0271559230420551,0.0012391245978048274,0.13639905389182255,-0.008188178011415508,-0.0028658623039954276,-0.002321587036391483,0.0006255224686932641,-0.05881890388981251
2.89,-0.014831651799819205,0.0012268960262733562,0.1350479033001072,-0.008188178011415508,-0.0028658623039954276,-0.0023870637266072557,0.0006255224686932641,-0.06157001375849501
2.9,-0.0026316061162512355,0.0012143087803830606,0.13365679583989415,-0.008505817847488628,-0.00297703624662102,-0.0024601603721069562,0.0006419503964779189,-0.06099907111559798
2.91,0.009440571325999894,0.0012013670915440164,0.1322272500145421,-0.008505817847488628,-0.00297703624662102,-0.0025225115417391577,0.0006419503964779189,-0.06357937645740061
2.92,0.021381486474633334,0.001188084347810331,0.13075972152163362,-0.008803260795797236,-0.0030811412785290322,-0.0025919102401730514,0.0006570126036083614,-0.06303645195984527
2.93,0.03318767940940651,0.0011744651031255094,0.1292557007202983,-0.008803260795797236,-0.0030811412785290322,-0.0026511024983543715,0.0006570126036083614,-0.06544544375746383
2.94,0.04485592987784139,0.0011605225946451053,0.12771569031495783,-0.009080458848245815,-0.003178160596886035,-0.0027167706982483995,0.0006707138815173554,-0.06493081126158207
2.95,0.05638296237873116,0.0011462616848122804,0.12614115074211432,-0.009080458848245815,-0.003178160596886035,-0.0027727763823127386,0.0006707138815173554,-0.06716826358941863
2.96,0.06776573192347474,0.0011316954420053792,0.12453262992398696,-0.0093373971926734,-0.00326808901743569,-0.002834688151206152,0.0006830610835805081,-0.06668214618188434
2.97,0.07900114875832523,0.0011168290229400882,0.12289155668126378,-0.0093373971926734,-0.00326808901743569,-0.0028874852493976375,0.0006830610835805081,-0.06874811056059207
2.98,0.09008634431303655,0.001101675309985724,0.12121852233093555,-0.009574093532426988,-0.003350932736349446,-0.0029456211748819555,0.0006940630704452204,-0.06829068127879168
2.99,0.10101841558637785,0.0010862397397368626,0.11951492247080261,-0.009574093532426988,-0.003350932736349446,-0.0029951932416635383,0.0006940630704452204,-0.07018548070827156
3.0,0.1117946712760803,0.0010705349919826164,0.11778138995925029,-0.009790597368716441,-0.0034267090790507542,-0.0030495403241037784,0.0007037306533337797,-0.06975686332540801
3.01,0.12241239582036904,0.0010545667686628348,0.11601928565097122,-0.009790597368716441,-0.0034267090790507542,-0.0030958763883695904,0.0007037306533337797,-0.07148108601357653
3.02,0.13286907573482593,0.0010383475310883179,0.11422928206561714,-0.009986989247791771,-0.00349544623672712,-0.003146427925671347,0.0007120765354638188,-0.07108135588576683
3.03,0.14316218327160304,0.001021883231896739,0.11241270388198996,-0.009986989247791771,-0.00349544623672712,-0.003189522392173491,0.0007120765354638188,-0.07263584869048456
3.04,0.15328938301973416,0.0010051860987065862,0.11057026137768888,-0.01016337997498966,-0.003557182991246381,-0.0032362778569656097,0.0007191152517284216,-0.07226503366305857
3.05,0.16324833511332634,0.000988262320117809,0.1087032417107068,-0.01016337997498966,-0.003557182991246381,-0.0032761304012712757,0.0007191152517284216,-0.07365089526462042
3.06,0.1730368821820235,0.0009711238755363773,0.10681239099359716,-0.0103199097976968,-0.0036119684291938798,-0.0033190953108785852,0.0007248631067768752,-0.07330897663478692
3.07,0.1826528720098573,0.000953777174726149,0.10489895760676538,-0.0103199097976968,-0.0036119684291938798,-0.0033557107681773846,0.0007248631067768752,-0.07452755045634707
3.08,0.19209432495196008,0.0009362339350624912,0.10296372155851836,-0.010456747559268275,-0.003659861645743896,-0.00339489654776142,0.0007293381116349943,-0.07421446398936218
3.09,0.20135927591692523,0.0009185007726367916,0.10100789128316098,-0.010456747559268275,-0.003659861645743896,-0.003428284795845775,0.0007293381116349943,-0.07526733088254713
3.1,0.21044592239445334,0.0009005891296848454,0.099032278732759,-0.010574089825930617,-0.0037009314390757156,-0.0034637086350933735,0.0007325599190021468,-0.07498296787849915
3.11,0.21935248560605178,0.000882505813775472,0.09703805131524756,-0.010574089825930617,-0.0037009314390757156,-0.003493884471836431,0.0007325599190021468,-0.07587193859136224
3.12,0.22807733931604982,0.0008642619796107318,0.0950260509650191,-0.01067215998867666,-0.003735255996036831,-0.0035255691755770474,0.000734549757359112,-0.07561614699967582
3.13,0.2366188899682869,0.0008458646113968197,0.09299740307145024,-0.01067215998867666,-0.003735255996036831,-0.003552552191233385,0.000734549757359112,-0.07634325444391762
3.14,0.24497568647982326,0.0008273245646270991,0.09095297758368451,-0.010751207342144438,-0.0037629225697505533,-0.003580526024365472,0.0007353303640188524,-0.07611584002267857
3.15,0.25314631915495045,0.0008086489853383302,0.08889385696812886,-0.010751207342144438,-0.0037629225697505533,-0.003604340469019417,0.0007353303640188524,-0.07668333135691324
3.16,0.26112951068692847,0.0007898484188625607,0.08682093721818972,-0.010811506142444105,-0.003784027149855437,-0.0036286369961250416,0.0007349259172490272,-0.07648405887412113
3.17,0.26892403361522244,0.0007709301583161757,0.08473525706023274,-0.010811506142444105,-0.003784027149855437,-0.0036493116426103895,0.0007349259172490272,-0.07689438741969898
3.18,0.2765287827856978,0.0007519044286415356,0.08263773656168868,-0.010853354645871626,-0.003798674126055069,-0.0036699695626349143,0.0007333619675923506,-0.07672298189356828
3.19,0.2839427110924653,0.0007327786553616132,0.08052936997858197,-0.010853354645871626,-0.003798674126055069,-0.0036875375652478267,0.0007333619675923506,-0.07697879889923324
3.2,0.2911648836711365,0.0007135627335256663,0.07841109948547106,-0.010877074130420083,-0.0038069759456470288,-0.0037046005416184707,0.0007306653685079962,-0.07683494687468403
3.21,0.29819443164306575,0.0006942642064895377,0.07628387422381577,-0.010877074130420083,-0.0038069759456470288,-0.0037190992909427317,0.0007306653685079962,-0.07693909314609122
3.22,0.30503058833949565,0.0006748926306304572,0.07414865651476701,-0.010883007901971173,-0.00380905276568991,-0.003732615777496151,0.0007268642064544552,-0.07682244400459562
3.23,0.3116726607433347,0.0006554556526835363,0.07200634982625685,-0.010883007901971173,-0.00380905276568991,-0.003744086751656815,0.0007268642064544552,-0.0767779414144636
3.24,0.3181200480642883,0.0006359624822979431,0.06985793467479874,-0.010871520287016634,-0.0038050321004558215,-0.0037541098147417015,0.0007219877305311525,-0.07668810871444398
3.25,0.3243722305516211,0.0006164208552747242,0.06770426838016026,-0.010871520287016634,-0.0038050321004558215,-0.003762598427399616,0.0007219877305311525,-0.07649815160882295
3.26,0.33042877076165716,0.0005968396271991425,0.06554634771515953,-0.010842995613733246,-0.003795048464806636,-0.003769185564515609,0.0007160662817937804,-0.07643471445383163
3.27,0.33628931939426193,0.0005772266087846203,0.06338498346004282,-0.010842995613733246,-0.003795048464806636,-0.0037747410099112718,0.0007160662817937804,-0.07610266096974641
3.28,0.3419535996143978,0.0005575902949330892,0.06122118671983442,-0.010797837183201663,-0.0037792430141205817,-0.0037779539652406675,0.0007091312223553386,-0.07606516540169242
3.29,0.34742142954532773,0.0005379385572954073,0.05905572142602739,-0.010797837183201663,-0.0037792430141205817,-0.003780629060591761,0.0007091312223553386,-0.07559452871112642
3.3,0.3526926900252144,0.0005182795241823599,0.05688961110941943,-0.01073646623253146,-0.0037577631813860107,-0.0037805336377753273,0.0007012148643825552,-0.07558248912585307
3.31,0.35776736337131493,0.0004986211144040957,0.05472357262438546,-0.01073646623253146,-0.0037577631813860107,-0.0037803846633278414,0.0007012148643825552,-0.07497692862080324
3.32,0.3626454849709038,0.0004789710844782433,0.052558640041351905,-0.010659320891625808,-0.0037307623120690324,-0.00377705053583077,0.0006923503990949798,-0.07498982920336021
3.33,0.36732719791299806,0.0004593373868103866,0.05039548298872041,-0.010659320891625808,-0.0037307623120690324,-0.003774137072859132,0.0006923503990949798,-0.0742531416364465
3.34,0.3718126888301614,0.00043972740162202085,0.04823514421322813,-0.010566855135287581,-0.0036983992973506534,-0.0037676375922679013,0.0006825718258715095,-0.07429043781343962
3.35,0.37610225797757973,0.00042014910158140765,0.046078246046506295,-0.010566855135287581,-0.0036983992973506534,-0.003762022359315028,0.0006825718258715095,-0.0734265484082809
3.36,0.38019623975855943,0.0004006094868022588,0.04392583807356293,-0.010459537732344109,-0.0036608382063204378,-0.0037524343619004404,0.0006719138815673094,-0.07348766831472466
3.37,0.3840950878150708,0.0003811165371299707,0.0417784953349783,-0.010459537732344109,-0.0036608382063204378,-0.0037441830495439092,0.0006719138815673094,-0.07250062186009172
3.38,0.3877992806849812,0.0003616768694415447,0.039637272443633166,-0.010337851193435802,-0.0036182479177025305,-0.003731586661420319,0.0006604119701415971,-0.07258496781822954
3.39,0.39130942145350045,0.00034229845793659245,0.0375026972296658,-0.010337851193435802,-0.0036182479177025305,-0.0037207677658464065,0.0006604119701415971,-0.07147891975971003
3.4,0.39462612900439237,0.0003229875337997323,0.03537582755334722,-0.010202290719086826,-0.0035708017516803887,-0.0037052462070516824,0.0006481020926948618,-0.07158586976730905
3.41,0.3977501517680923,0.0003037520530391959,0.03325714418816397,-0.010202290719086826,-0.0035708017516803887,-0.003691930862714307,0.0006481020926948618,-0.0703650773099935
3.42,0.40068224504231165,0.000284597859354499,0.03114770649339336,-0.010053363149648704,-0.003518677102377046,-0.0036735702505297048,0.0006350207780121465,-0.07049398653566125
3.43,0.40342329835995716,0.0002655328783082073,0.02904794841105691,-0.010053363149648704,-0.003518677102377046,-0.003657832062166753,0.0006350207780121465,-0.0691627997711309
3.44,0.40597419936668705,0.0002465625649738644,0.026958929085242868,-0.009891585918674927,-0.0034620550715362243,-0.0036367212139905548,0.000621205013706633,-0.06931300205424237
3.45,0.4083359743201409,0.00022769480251865246,0.024881035921233335,-0.009891585918674927,-0.0034620550715362243,-0.0036186360882655244,0.000621205013706633,-0.06787585512485586
3.46,0.4105096390231208,0.00020893465688925632,0.022815326169917226,-0.009717486011259588,-0.0034011201039408556,-0.003594866324348767,0.0006066921780561555,-0.06804666447772055
3.47,0.4124963519550385,0.00019028995722485657,0.020762141062175946,-0.009717486011259588,-0.0034011201039408556,-0.0035745123013809074,0.0006066921780561555,-0.06650806679099165
3.48,0.41429725276948903,0.00017176538047176948,0.018722534315774773,-0.009531598928837532,-0.003336059625093136,-0.0035481772477281687,0.0005915199726226662,-0.0666987789009319
3.49,0.41591362754923056,0.0001533686904374508,0.016696801415156535,-0.009531598928837532,-0.003336059625093136,-0.003525634332769772,0.0005915199726226662,-0.06506330640647986
3.5,0.417346735385996,0.0001351041758084086,0.014685990944929042,-0.009334467661915008,-0.0032670636816702525,-0.003496829724502299,0.0005757263557428319,-0.06527320013553373
3.51,0.4185979852417362,0.00011697952409660014,0.012690353134632288,-0.009334467661915008,-0.0032670636816702525,-0.0034721797200168896,0.0005757263557428319,-0.06354548667685016
3.52,0.4196687511365802,9.89986370693773e-05,0.010710929877280274,-0.00912664167216321,-0.0031943245852571233,-0.003441003205489715,0.0005593494769753019,-0.06377382555685522
3.53,0.42056056009149057,8.116911532968404e-05,0.00874792670051385,-0.00912664167216321,-0.0031943245852571233,-0.0034143295438801113,0.0005593494769753019,-0.061958554309812654
3.54,0.4212748964573463,6.349447565184262e-05,0.006802377290522639,-0.008908675885275144,-0.0031180365598463,-0.003380880489838838,0.0005424276125880784,-0.06220458803067144
3.55,0.42181340040756526,4.5982221476089985e-05,0.0048744430853628765,-0.008908675885275144,-0.0031180365598463,-0.003352268067068928,0.0005424276125880784,-0.06030648304042885
3.56,0.422177661947354,2.8635487080095776e-05,0.0029651480938837982,-0.008681129695944773,-0.0030383953935806704,-0.003316647365125865,0.0005249991021663996,-0.06056944892940207
3.57,0.42236942941924216,1.1461668856327313e-05,0.0010746103339774543,-0.008681129695944773,-0.0030383953935806704,-0.003286182375474823,0.0005249991021663996,-0.05859326675699871
3.58,0.4223903937366306,-5.536478363367898e-06,-0.0007961572872401178,-0.00844456598629269,-0.0029555980952024412,-0.0032484922501776385,0.0005071022864192602,-0.05887239124692037
3.59,0.42224240636054094,-2.2351674742665885e-05,-0.0026470794477630355,-0.00844456598629269,-0.0029555980952024412,-0.0032162620223597535,0.0005071022864192602,-0.056822912736556
3.6,0.42192725430571215,-3.898154130659619e-05,-0.004477155719170337,-0.008199550159018762,-0.0028698425556565664,-0.003176605841119295,0.0004887754462595069,-0.057117412820913725
3.61,0.4214468870431831,-5.541892389935831e-05,-0.006286352698494468,-0.008199550159018762,-0.0028698425556565664,-0.003142698675996992,0.0004887754462595069,-0.054999434998530536
3.62,0.42080318283034907,-7.166181529264521e-05,-0.008073683764333952,-0.007946649186518577,-0.0027813272152815015,-0.003101180761133921,0.00047005674322940115,-0.0553085196714065
3.63,0.4199981839912542,-8.77031957450147e-05,-0.009839156605665022,-0.007946649186518577,-0.0027813272152815015,-0.00306568577124557,0.00047005674322940115,-0.05312684778481078
3.64,0.41903385512423913,-0.00010354142516066114,-0.011581799686687546,-0.00768643067715794,-0.002690250737005279,-0.0030224112144080872,0.00045098416134058605,-0.05344971946373287
3.65,0.4179123262100066,-0.00011916962654998885,-0.01330166091333463,-0.00768643067715794,-0.002690250737005279,-0.0029854181655259117,0.00045098416134058605,-0.05120915917412973
3.66,0.41663564325178415,-0.00013458652184934362,-0.014997785063243332,-0.007419461959849333,-0.0025968116859472665,-0.0029404926447233067,0.00043159545039373826,-0.051545015103939704
3.67,0.4152060186603261,-0.0001497853847570641,-0.016670259338805855,-0.007419461959849333,-0.0025968116859472665,-0.0029020917996502374,0.00043159545039373826,-0.04925036483831487
3.68,0.41362557488189944,-0.00016476529367327543,-0.01831814600728411,-0.007146309188026985,-0.0025012082158094445,-0.0028556213991389077,0.0004119280708399101,-0.04959839847421966
3.69,0.4118966015093769,-0.00017951968051462707,-0.019941570603925367,-0.007146309188026985,-0.0025012082158094445,-0.002815903363946312,0.0004119280708399101,-0.047254441947596926
3.7,0.410021292452849,-0.00019404797412716617,-0.021539614009354842,-0.00686753646406516,-0.002403637762422806,-0.0027679943971965527,0.0003920191402418417,-0.047613844315631954
3.71,0.4080020092268318,-0.00020834377176694448,-0.02311243908738816,-0.00686753646406516,-0.002403637762422806,-0.0027270499700976516,0.0003920191402418417,-0.045225343231784745
3.72,0.4058410122169303,-0.00022240684627746092,-0.02465914640260264,-0.006583704985133941,-0.0023042967447968786,-0.002677808806060774,0.0003719053813900087,-0.04559530426498304
3.73,0.40354072959490805,-0.00023623096696313094,-0.026179935104851313,-0.006583704985133941,-0.0023042967447968786,-0.0026357288291070716,0.0003719053813900087,-0.04316699120374725
3.74,0.40110348323259964,-0.00024981624380499565,-0.02767392645950209,-0.0062953722114274385,-0.0022033802739996034,-0.0025852617219934452,0.0003516230721238689,-0.04354670105237557
3.75,0.39853176269914997,-0.00026315662445054234,-0.0291413548241197,-0.0062953722114274385,-0.0022033802739996034,-0.002542136935773835,0.0003516230721238689,-0.041083272551194684
3.76,0.3958279463703134,-0.000276252548766443,-0.03058136312744908,-0.006003091057652947,-0.002101081870178531,-0.0024905498585428517,0.0003312079969057218,-0.041471922865488904
3.77,0.392994579965546,-0.0002890981486222982,-0.0319942198231023,-0.006003091057652947,-0.002101081870178531,-0.002446470760056876,0.0003312079969057218,-0.03897803270243423
3.78,0.3900340933969623,-0.0003016941861461647,-0.033379090411131934,-0.0057074091086037415,-0.0019975931880113094,-0.00239386924181047,0.00031069540018971285,-0.039374817886337746
3.79,0.38694908330813044,-0.0003140349828924188,-0.034736276298653564,-0.0057074091086037415,-0.0019975931880113094,-0.0023489259456791786,0.00031069540018971285,-0.0368550705712715
3.8,0.38374202620230613,-0.0003261216152737818,-0.03606496640999474,-0.005408867859588755,-0.001893103750856064,-0.0022954149131403263,0.0002901199416253112,-0.03725918900575573
3.81,0.3804155644497155,-0.0003379485995756606,-0.03736549393480908,-0.005408867859588755,-0.001893103750856064,-0.0022496970163094895,0.0002901199416253112,-0.03471813348589016
3.82,0.37697221622927346,-0.00034951731818626524,-0.038637072019491216,-0.005108001982430995,-0.001787800693850848,-0.002195380639557114,0.0002695156531301845,-0.03512878872051255
3.83,0.3734146644768198,-0.000360822486752529,-0.03988006443929869,-0.005108001982430995,-0.001787800693850848,-0.0021489770896389597,0.0002695156531301845,-0.032570912306091326
3.84,0.369745464168379,-0.0003718657850166595,-0.04109370930519125,-0.004805338617690781,-0.0016818685161917731,-0.002093958632260256,0.00024891589786363056,-0.03298731421752439
3.85,0.3659673336882161,-0.0003826421322031565,-0.042278399757571736,-0.004805338617690781,-0.0016818685161917731,-0.002046957599651062,0.00024891589786363056,-0.030417036732878523
3.86,0.36208285997483475,-0.00039315349649464643,-0.043433399559142175,-0.004501396693709447,-0.0015754888427983063,-0.00199133927346178,0.00022835333112752925,-0.030838402649222656
3.87,0.35809479179481485,-0.00040339500449672734,-0.04455912997389886,-0.004501396693709447,-0.0015754888427983063,-0.0019438280273636418,0.00022835333112752925,-0.02826007081393783
3.88,0.35400574326519935,-0.0004133689036470596,-0.04565488104820542,-0.004196686273016464,-0.0014688401955557625,-0.001887710851836164,0.0002078598632183296,-0.02868562660371165
3.89,0.3498184885268396,-0.0004230705313259345,-0.04672110090942182,-0.004196686273016464,-0.0014688401955557625,-0.0018397756403021482,0.0002078598632183296,-0.026103508648203433
3.9,0.34553566414861664,-0.0004325024047891522,-0.04775710646438542,-0.003891707926577971,-0.0013620977743022897,-0.00178325930683064,0.0001874666242490006,-0.026532489772985963
3.91,0.3411600647024287,-0.00044166007517853725,-0.0487633714273073,-0.003891707926577971,-0.0013620977743022897,-0.0017349852409435328,0.0001874666242490006,-0.023950770292219467
3.92,0.3366943445458533,-0.00045054631989990905,-0.049739240087440136,-0.003586952136316125,-0.0012554332477106437,-0.0016781679820645032,0.00016720393095690672,-0.024382422822000715
3.93,0.33214131380993517,-0.0004591569064404786,-0.05068521045542246,-0.003586952136316125,-0.0012554332477106437,-0.0016296389243499717,0.00016720393095690672,-0.02180519787069348
3.94,0.3275036400474537,-0.0004674948624769714,-0.05160065467031315,-0.003282898726265069,-0.0011490145541927742,-0.001572617388026035,0.00014710125550909854,-0.02223877946107148
3.95,0.32278414415428114,-0.00047555617402719237,-0.05248609373718847,-0.003282898726265069,-0.0011490145541927742,-0.0015239158451920481,0.00014710125550909854,-0.019670051893171468
3.96,0.3179855023603993,-0.0004833441089688193,-0.0533409280581548,-0.002980016322679069,-0.001043005712937674,-0.001466784974255793,0.00012718719631342427,-0.02010483272361572
3.97,0.31311054161577145,-0.0004908548736417037,-0.05416570032148503,-0.002980016322679069,-0.001043005712937674,-0.001417991994340845,0.00012718719631342427,-0.01754850777843223
3.98,0.3081619423906838,-0.0004980919658837199,-0.054959839551904276,-0.002678761843349757,-0.000937566645172415,-0.0013608449111851874,0.00010748945083990802,-0.017983771450914836
3.99,0.30314253306777944,-0.0005050518137598844,-0.05572390880267122,-0.002678761843349757,-0.000937566645172415,-0.0013120399851888722,0.00010748945083990802,-0.01544365258778179
4.0,0.2980549940072104,-0.0005117381346766087,-0.05645736602758672,-0.002379580016337784,-0.0008328530057182243,-0.0012549678817796036,8.803479045361762e-05,-0.015878696985158487
